sbml_gene_id,sbml_locus_tag,reaction_short_names,gene_name,product_description,sequence_length,uniprot_accession,mapping_method,chembl_target_id,n_inhibitors_strong,n_inhibitors_weak,mean_pchembl_strong
G_MMSYN1_0008,JCVISYN3A_0008,ADNabc;CYTDabc;DADNabc;DCYTabc;DGSNabc;DURIabc;GSNabc;THMDabc;URIabc,rnsD; uptD,Nucleoside ABC transporter permease,325,,unmapped,,0,0,
G_MMSYN1_0009,JCVISYN3A_0009,ADNabc;CYTDabc;DADNabc;DCYTabc;DGSNabc;DURIabc;GSNabc;THMDabc;URIabc,rnsC; uptD,Nucleoside ABC transporter permease,855,,unmapped,,0,0,
G_MMSYN1_0010,JCVISYN3A_0010,ADNabc;CYTDabc;DADNabc;DCYTabc;DGSNabc;DURIabc;GSNabc;THMDabc;URIabc,rnsA; uptA,Nucleoside ABC transporter ATP-binding protein,538,,unmapped,,0,0,
G_MMSYN1_0011,JCVISYN3A_0011,ADNabc;CYTDabc;DADNabc;DCYTabc;DGSNabc;DURIabc;GSNabc;THMDabc;URIabc,rnsB; uptB,Nucleoside ABC transporter substrate-binding protein,548,,unmapped,,0,0,
G_MMSYN1_0012,JCVISYN3A_0012,METTRS,metRS,Methionine--tRNA ligase,509,P47267,mgenitalium_ortholog_by_product,,0,0,
G_MMSYN1_0045,JCVISYN3A_0045,TMPK,tmk,dTMP kinase,213,P47252,mgenitalium_ortholog_by_gene,,0,0,
G_MMSYN1_0061,JCVISYN3A_0061,SERTRS,serRS,Serine--tRNA ligase,422,P47251,mgenitalium_ortholog_by_product,,0,0,
G_MMSYN1_0064,JCVISYN3A_0064,LYSTRS,lysRS,Lysine--tRNA ligase,500,P47382,mgenitalium_ortholog_by_product,,0,0,
G_MMSYN1_0065,JCVISYN3A_0065,TRDR,trxA,Thioredoxin,102,P47370,mgenitalium_ortholog_by_gene,,0,0,
G_MMSYN1_0076,JCVISYN3A_0076,ASNTRS,asnRS,Asparagine--tRNA ligase,454,P47359,mgenitalium_ortholog_by_product,,0,0,
G_MMSYN1_0113,JCVISYN3A_0113,PSSYN,bcsA,Glycolipid synthase A,449,,unmapped,,0,0,
G_MMSYN1_0114,JCVISYN3A_0114,DAGGALT;DAGPST,bcsB; cps,Glycolipid synthase B,306,,unmapped,,0,0,
G_MMSYN1_0115,JCVISYN3A_0115,GALU,galU; gtaB,UTP--glucose-1-phosphate uridylyltransferase,290,P47691,mgenitalium_ortholog_by_gene,,0,0,
G_MMSYN1_0117,JCVISYN3A_0117,APG3PAT,plsY,Acyl-phosphate glycerol 3-phosphate acyltransferase,253,P47489,mgenitalium_ortholog_by_gene,,0,0,
G_MMSYN1_0126,JCVISYN3A_0126,GLUTRS;GLUTRS_Gln,gluRS,Glutamate--tRNA ligase,483,P47700,mgenitalium_ortholog_by_product,,0,0,
G_MMSYN1_0129,JCVISYN3A_0129,CTPS2;CTPSDUMP,pyrG,CTP synthase,532,Q9ZB73,mgenitalium_ortholog_by_product,,0,0,
G_MMSYN1_0131,JCVISYN3A_0131,FBA,fbaA,"Fructose-1,6-bisphosphate aldolase",297,P47269,mgenitalium_ortholog_by_product,,0,0,
G_MMSYN1_0133,JCVISYN3A_0133,ALA4P;ARG4P;ASN4P;ASP4P;GLN4P;GLU4P;GLY4P;HIS4P;ISO4P;LEU4P;LYS4P;MET4P;PHE4P;PRO4P;SER4P;THR4P;TRP4P;TYR4P;VAL4P,ietS,Toxin-antitoxin serine protease,757,,unmapped,,0,0,
G_MMSYN1_0139,JCVISYN3A_0139,BPNT,ytqI; orn,NanoRNAse,316,P22746,mgenitalium_ortholog_by_product,,0,0,
G_MMSYN1_0140,JCVISYN3A_0140,DURIK1;TMDK1,tdk,Thymidine kinase,209,P47280,mgenitalium_ortholog_by_gene,,0,0,
G_MMSYN1_0147,JCVISYN3A_0147,CLPNS,clsA,Cardiolipin synthase,509,,unmapped,,0,0,
G_MMSYN1_0163,JCVISYN3A_0163,ALATRS,alaRS,Alanine--tRNA ligase,896,P47534,mgenitalium_ortholog_by_product,,0,0,
G_MMSYN1_0165,JCVISYN3A_0165,ALA4abc;ALAabc;ARG4abc;ARGabc;ASN4abc;ASNabc;ASP4abc;ASPabc;GLN4abc;GLNabc;GLU4abc;GLUabc;GLY4abc;GLYabc;HIS4abc;HISabc;ILEabc;ISO4abc;LEU4abc;LEUabc;LYS4abc;LYSabc;MET4abc;METabc;PHE4abc;PHEabc;PRO4abc;PROabc;SER4abc;SERabc;THR4abc;THRabc;TRP4abc;TRPabc;TYR4abc;TYRabc;VAL4abc;VALabc,amiC,Oligopeptide ABC transporter permease,414,,unmapped,,0,0,
G_MMSYN1_0166,JCVISYN3A_0166,ALA4abc;ALAabc;ARG4abc;ARGabc;ASN4abc;ASNabc;ASP4abc;ASPabc;GLN4abc;GLNabc;GLU4abc;GLUabc;GLY4abc;GLYabc;HIS4abc;HISabc;ILEabc;ISO4abc;LEU4abc;LEUabc;LYS4abc;LYSabc;MET4abc;METabc;PHE4abc;PHEabc;PRO4abc;PROabc;SER4abc;SERabc;THR4abc;THRabc;TRP4abc;TRPabc;TYR4abc;TYRabc;VAL4abc;VALabc,,Oligopeptide ABC transporter permease,336,,unmapped,,0,0,
G_MMSYN1_0167,JCVISYN3A_0167,ALA4abc;ALAabc;ARG4abc;ARGabc;ASN4abc;ASNabc;ASP4abc;ASPabc;GLN4abc;GLNabc;GLU4abc;GLUabc;GLY4abc;GLYabc;HIS4abc;HISabc;ILEabc;ISO4abc;LEU4abc;LEUabc;LYS4abc;LYSabc;MET4abc;METabc;PHE4abc;PHEabc;PRO4abc;PROabc;SER4abc;SERabc;THR4abc;THRabc;TRP4abc;TRPabc;TYR4abc;TYRabc;VAL4abc;VALabc,amiE,Oligopeptide ABC transporter ATP-binding protein,566,,unmapped,,0,0,
G_MMSYN1_0168,JCVISYN3A_0168,ALA4abc;ALAabc;ARG4abc;ARGabc;ASN4abc;ASNabc;ASP4abc;ASPabc;GLN4abc;GLNabc;GLU4abc;GLUabc;GLY4abc;GLYabc;HIS4abc;HISabc;ILEabc;ISO4abc;LEU4abc;LEUabc;LYS4abc;LYSabc;MET4abc;METabc;PHE4abc;PHEabc;PRO4abc;PROabc;SER4abc;SERabc;THR4abc;THRabc;TRP4abc;TRPabc;TYR4abc;TYRabc;VAL4abc;VALabc,amiF,Oligopeptide ABC transporter ATP-binding protein,622,,unmapped,,0,0,
G_MMSYN1_0169,JCVISYN3A_0169,ALA4abc;ALAabc;ARG4abc;ARGabc;ASN4abc;ASNabc;ASP4abc;ASPabc;GLN4abc;GLNabc;GLU4abc;GLUabc;GLY4abc;GLYabc;HIS4abc;HISabc;ILEabc;ISO4abc;LEU4abc;LEUabc;LYS4abc;LYSabc;MET4abc;METabc;PHE4abc;PHEabc;PRO4abc;PROabc;SER4abc;SERabc;THR4abc;THRabc;TRP4abc;TRPabc;TYR4abc;TYRabc;VAL4abc;VALabc,amiA,Oligopeptide ABC transporter substrate-binding protein,1033,,unmapped,,0,0,
G_MMSYN1_0195,JCVISYN3A_0195,SPRMabc,potC,Spermidine/putrescine ABC transporter permease,1036,P47290,mgenitalium_ortholog_by_gene,,0,0,
G_MMSYN1_0196,JCVISYN3A_0196,SPRMabc,potB,Spermidine/putrescine ABC transporter permease,330,P47289,mgenitalium_ortholog_by_gene,,0,0,
G_MMSYN1_0197,JCVISYN3A_0197,SPRMabc,potA,Spermidine/putrescine ABC transporter ATP-binding protein,351,P47288,mgenitalium_ortholog_by_gene,,0,0,
G_MMSYN1_0201,JCVISYN3A_0201,ACP_transl;PdhC_transl;Protein_transl;dUTPase_transl,def,Peptide deformylase,200,P47352,mgenitalium_ortholog_by_gene,,0,0,
G_MMSYN1_0203,JCVISYN3A_0203,DGK1;GK1,gmk,Guanylate kinase,297,P47353,mgenitalium_ortholog_by_gene,,0,0,
G_MMSYN1_0213,JCVISYN3A_0213,ENO,eno,Phosphopyruvate hydratase,451,P47647,mgenitalium_ortholog_by_gene,,0,0,
G_MMSYN1_0214,JCVISYN3A_0214,PGPP,pgpA,Phosphatidylglycerophosphatase,273,,unmapped,,0,0,
G_MMSYN1_0216,JCVISYN3A_0216,GUAPRT,hptA,Hypoxanthine phosphoribosyltransferase,190,P47696,mgenitalium_ortholog_by_product,,0,0,
G_MMSYN1_0218,JCVISYN3A_0218,GLYK,glpK,Glycerol kinase,505,P47284,mgenitalium_ortholog_by_gene,,0,0,
G_MMSYN1_0220,JCVISYN3A_0220,PFK,pfkA,6-Phosphofructokinase,326,P47457,mgenitalium_ortholog_by_gene,,0,0,
G_MMSYN1_0221,JCVISYN3A_0221,PYK;PYK2;PYK3;PYK4;PYK5;PYK6;PYK7;PYK8;PYK9,pyk,Pyruvate kinase,478,P47458,mgenitalium_ortholog_by_gene,,0,0,
G_MMSYN1_0222,JCVISYN3A_0222,THRTRS,thrRS,Threonine--tRNA ligase,639,P47615,mgenitalium_ortholog_by_product,,0,0,
G_MMSYN1_0227,JCVISYN3A_0227,PDH_acald;PdhC_transl,pdhC,Branched-chain alpha-keto acid dehydrogenase subunit E2,441,P47514,mgenitalium_ortholog_by_gene,,0,0,
G_MMSYN1_0228,JCVISYN3A_0228,PDH_E3,lpdA,Dihydrolipoyl dehydrogenase,629,P47513,mgenitalium_ortholog_by_product,,0,0,
G_MMSYN1_0229,JCVISYN3A_0229,PTAr,pta,Phosphate acetyltransferase,322,P47541,mgenitalium_ortholog_by_gene,,0,0,
G_MMSYN1_0230,JCVISYN3A_0230,ACKr,ackA,Acetate kinase,393,P47599,mgenitalium_ortholog_by_gene,,0,0,
G_MMSYN1_0233,JCVISYN3A_0233,GAMpts;GLCpts;MANpts,ptsI,Phosphoenolpyruvate--protein phosphotransferase,573,P47668,mgenitalium_ortholog_by_gene,,0,0,
G_MMSYN1_0234,JCVISYN3A_0234,GAMpts;GLCpts;MANpts,crr,PTS glucose transporter subunit IIA,154,,unmapped,,0,0,
G_MMSYN1_0259,JCVISYN3A_0259,NADHK;NADK,nadK,NAD(+) kinase,265,P47374,mgenitalium_ortholog_by_gene,,0,0,
G_MMSYN1_0260,JCVISYN3A_0260,VALTRS,valRS,Valine--tRNA ligase,872,P47576,mgenitalium_ortholog_by_product,,0,0,
G_MMSYN1_0262,JCVISYN3A_0262,RPE,rpe,Ribulose-phosphate 3-epimerase,225,P47358,mgenitalium_ortholog_by_gene,,0,0,
G_MMSYN1_0282,JCVISYN3A_0282,PROTRS,proRS,Proline--tRNA ligase,474,P47525,mgenitalium_ortholog_by_product,,0,0,
G_MMSYN1_0287,JCVISYN3A_0287,ASPTRS,aspRS,Aspartate--tRNA ligase,574,P47282,mgenitalium_ortholog_by_product,,0,0,
G_MMSYN1_0288,JCVISYN3A_0288,HISTRS,hisRS,Histidine--tRNA ligase,414,P47281,mgenitalium_ortholog_by_product,,0,0,
G_MMSYN1_0291,JCVISYN3A_0291,FMNAT;RBFK,ribF,FAD synthetase,184,P47391,mgenitalium_ortholog_by_gene,,0,0,
G_MMSYN1_0304,JCVISYN3A_0304,DASYN,cdsA,Phosphatidate cytidylyltransferase,342,Q49433,mgenitalium_ortholog_by_gene,,0,0,
G_MMSYN1_0305,JCVISYN3A_0305,ALA4P;ARG4P;ASN4P;ASP4P;GLN4P;GLU4P;GLY4P;HIS4P;ISO4P;LEU4P;LYS4P;MET4P;PHE4P;PRO4P;SER4P;THR4P;TRP4P;TYR4P;VAL4P,,Uncharacterized metallopeptidase,358,,unmapped,,0,0,
G_MMSYN1_0308,JCVISYN3A_0308,TRPTRS,trpRS,Tryptophan--tRNA ligase,336,P47372,mgenitalium_ortholog_by_product,,0,0,
G_MMSYN1_0314,JCVISYN3A_0314,NACabc,ecfS,Uncharacterized ECF transporter S component,244,,unmapped,,0,0,
G_MMSYN1_0316,JCVISYN3A_0316,TKT1;TKT2,tkt,Transketolase,656,P47312,mgenitalium_ortholog_by_gene,,0,0,
G_MMSYN1_0330,JCVISYN3A_0330,DADNK;DCYTK;DGSNK,dgk,Deoxyguanosine kinase,205,,unmapped,,0,0,
G_MMSYN1_0344,JCVISYN3A_0344,PPA,ppa,Inorganic diphosphatase,186,P47593,mgenitalium_ortholog_by_gene,,0,0,
G_MMSYN1_0345,JCVISYN3A_0345,P5Pabc,ecfS,Uncharacterized ECF transporter S component,296,,unmapped,,0,0,
G_MMSYN1_0347,JCVISYN3A_0347,CYTK1;CYTK2,cmk,Cytidylate kinase,220,P47572,mgenitalium_ortholog_by_gene,,0,0,
G_MMSYN1_0378,JCVISYN3A_0378,NADS,nadE,NAD(+) synthase,245,P47623,mgenitalium_ortholog_by_gene,,0,0,
G_MMSYN1_0380,JCVISYN3A_0380,NNATr,nadD,Nicotinate (nicotinamide) nucleotide adenylyltransferase,365,P47482,mgenitalium_ortholog_by_product,,0,0,
G_MMSYN1_0381,JCVISYN3A_0381,AHCi,mtnN,5'-Methylthioadenosine nucleosidase,219,,unmapped,,0,0,
G_MMSYN1_0382,JCVISYN3A_0382,DADNK;DCYTK;DGSNK,dnk,Deoxynucleoside kinase,212,P47510,mgenitalium_ortholog_by_product,,0,0,
G_MMSYN1_0390,JCVISYN3A_0390,FMETTRS,fmt,Methionyl-tRNA formyltransferase,317,P47605,mgenitalium_ortholog_by_gene,,0,0,
G_MMSYN1_0394,JCVISYN3A_0394,Protein_degrad,lon,Endopeptidase La,786,P47481,mgenitalium_ortholog_by_gene,,0,0,
G_MMSYN1_0401,JCVISYN3A_0401,LIPTA,,Uncharacterized peptidase,615,,unmapped,,0,0,
G_MMSYN1_0405,JCVISYN3A_0405,GLYTRS,glyRS,Glycine--tRNA ligase,456,P47493,mgenitalium_ortholog_by_product,,0,0,
G_MMSYN1_0413,JCVISYN3A_0413,ADPT,apt,Adenine phosphoribosyltransferase,170,P47518,mgenitalium_ortholog_by_gene,,0,0,
G_MMSYN1_0419,JCVISYN3A_0419,ACPPAT,plsX,Phosphate acyltransferase,334,Q49427,mgenitalium_ortholog_by_gene,,0,0,
G_MMSYN1_0420,JCVISYN3A_0420,FAKr,fakA,Fatty acid kinase subunit A,547,,unmapped,,0,0,
G_MMSYN1_0425,JCVISYN3A_0425,PIabc,pstS,Phosphate ABC transporter substrate-binding protein,376,,unmapped,,0,0,
G_MMSYN1_0426,JCVISYN3A_0426,PIabc,pstA,Phosphate ABC transporter permease,696,P47651,mgenitalium_ortholog_by_gene,,0,0,
G_MMSYN1_0427,JCVISYN3A_0427,PIabc,pstB,Phosphate ABC transporter ATP-binding protein,269,P47650,mgenitalium_ortholog_by_gene,,0,0,
G_MMSYN1_0432,JCVISYN3A_0432,MAT,metK,Methionine adenosyltransferase,387,P47293,mgenitalium_ortholog_by_gene,,0,0,
G_MMSYN1_0435,JCVISYN3A_0435,MAN6PI,manA,Mannose-6-phosphate isomerase,309,,unmapped,,0,0,
G_MMSYN1_0443,JCVISYN3A_0443,FTHFCL,yggN,5-Formyltetrahydrofolate cyclo-ligase,187,P47487,mgenitalium_ortholog_by_product,,0,0,
G_MMSYN1_0444,JCVISYN3A_0444,ALA4P;ARG4P;ASN4P;ASP4P;GLN4P;GLU4P;GLY4P;HIS4P;ISO4P;LEU4P;LYS4P;MET4P;PHE4P;PRO4P;SER4P;THR4P;TRP4P;TYR4P;VAL4P,,Uncharacterized peptidase,631,,unmapped,,0,0,
G_MMSYN1_0445,JCVISYN3A_0445,PGI,pgi,Glucose-6-phosphate isomerase,427,P47357,mgenitalium_ortholog_by_gene,,0,0,
G_MMSYN1_0447,JCVISYN3A_0447,DUTPDP;dUTPase_transl,dut,dUTP diphosphatase,167,,unmapped,,0,0,
G_MMSYN1_0451,JCVISYN3A_0451,GAPDP,gapdh,Glyceraldehyde-3-phosphate dehydrogenase,471,P47543,mgenitalium_ortholog_by_product,,0,0,
G_MMSYN1_0475,JCVISYN3A_0475,LDH_L,ldh,L-lactate dehydrogenase,318,P47698,mgenitalium_ortholog_by_gene,,0,0,
G_MMSYN1_0479,JCVISYN3A_0479,ALA4P;ARG4P;ASN4P;ASP4P;GLN4P;GLU4P;GLY4P;HIS4P;ISO4P;LEU4P;LYS4P;MET4P;PHE4P;PRO4P;SER4P;THR4P;TRP4P;TYR4P;VAL4P,,Uncharacterized peptidase,548,,unmapped,,0,0,
G_MMSYN1_0493,JCVISYN3A_0493,AGDC,,Uncharacterized peptidase,449,,unmapped,,0,0,
G_MMSYN1_0494,JCVISYN3A_0494,AMANPEr,nanE,N-acetylmannosamine-6-phosphate 2-epimerase,226,,unmapped,,0,0,
G_MMSYN1_0495,JCVISYN3A_0495,AMANK,,Uncharacterized kinase,291,,unmapped,,0,0,
G_MMSYN1_0512,JCVISYN3A_0512,AGPAT,plsC,Acyl-phosphate glycerol 3-phosphate acyltransferase,315,Q49402,mgenitalium_ortholog_by_gene,,0,0,
G_MMSYN1_0513,JCVISYN3A_0513,ACPS,acpS,ACP synthase,110,Q9ZB79,mgenitalium_ortholog_by_gene,,0,0,
G_MMSYN1_0515,JCVISYN3A_0515,DCMPDA,dctD,Cytidine deaminase,160,P47298,mgenitalium_ortholog_by_product,,0,0,
G_MMSYN1_0519,JCVISYN3A_0519,ILETRS,ileRS,Isoleucine--tRNA ligase,915,P47587,mgenitalium_ortholog_by_product,,0,0,
G_MMSYN1_0528,JCVISYN3A_0528,PHETRS,pheRS,Phenylalanine--tRNA ligase subunit beta,794,,unmapped,,0,0,
G_MMSYN1_0529,JCVISYN3A_0529,PHETRS,pheS,Phenylalanine--tRNA ligase subunit alpha,350,P47436,mgenitalium_ortholog_by_gene,,0,0,
G_MMSYN1_0535,JCVISYN3A_0535,ARGTRS,argRS,Arginine--tRNA ligase,554,P47618,mgenitalium_ortholog_by_product,,0,0,
G_MMSYN1_0537,JCVISYN3A_0537,UMPK,pyrH,UMP kinase,237,P47672,mgenitalium_ortholog_by_gene,,0,0,
G_MMSYN1_0606,JCVISYN3A_0606,PGK;PGK2;PGK3;PGK4,pgk,Phosphoglycerate kinase,404,P47542,mgenitalium_ortholog_by_gene,,0,0,
G_MMSYN1_0607,JCVISYN3A_0607,GAPD,gapDH,Type I glyceraldehyde-3-phosphate dehydrogenase,338,,unmapped,,0,0,
G_MMSYN1_0613,JCVISYN3A_0613,TYRTRS,tyrRS,Tyrosine--tRNA ligase,414,P47693,mgenitalium_ortholog_by_product,,0,0,
G_MMSYN1_0614,JCVISYN3A_0614,NCTPPRT,pncB,Nicotinate phosphoribosyltransferase,353,,unmapped,,0,0,
G_MMSYN1_0616,JCVISYN3A_0616,FAKr,fakB,Fatty acid binding protein,279,P47688,mgenitalium_ortholog_by_product,,0,0,
G_MMSYN1_0617,JCVISYN3A_0617,FAKr,fakB,Fatty acid binding protein,283,P47688,mgenitalium_ortholog_by_product,,0,0,
G_MMSYN1_0621,JCVISYN3A_0621,ACPS;ACP_transl,acpA,Acyl carrier protein,73,Q49427,mgenitalium_ortholog_by_product,,0,0,
G_MMSYN1_0634,JCVISYN3A_0634,LEUTRS,leuRS,Leucine--tRNA ligase,804,P47508,mgenitalium_ortholog_by_product,,0,0,
G_MMSYN1_0641,JCVISYN3A_0641,5FTHFabc;COAabc;NACabc;P5Pabc;RIBFLVabc,ecfT,ECF transporter T component,336,,unmapped,,0,0,
G_MMSYN1_0642,JCVISYN3A_0642,5FTHFabc;COAabc;NACabc;P5Pabc;RIBFLVabc,ecfA,ECF transporter ATPase,303,P47660,mgenitalium_ortholog_by_product,,0,0,
G_MMSYN1_0643,JCVISYN3A_0643,5FTHFabc;COAabc;NACabc;P5Pabc;RIBFLVabc,ecfA,ECF transporter ATPase,408,P47660,mgenitalium_ortholog_by_product,,0,0,
G_MMSYN1_0650,JCVISYN3A_0650,ACP_transl;Protein_transl,map,Type I methionyl aminopeptidase,251,P47418,mgenitalium_ortholog_by_gene,,0,0,
G_MMSYN1_0651,JCVISYN3A_0651,ADK1;DADK,adk,Adenylate kinase,213,P47417,mgenitalium_ortholog_by_gene,,0,0,
G_MMSYN1_0684,JCVISYN3A_0684,MTHFC;MTHFD,folD,"Bifunctional 5,10-methylene-tetrahydrofolate dehydrogenase/5,10-methylene-tetrahydrofolate cyclohydrolase",288,P47259,mgenitalium_ortholog_by_gene,,0,0,
G_MMSYN1_0685,JCVISYN3A_0685,Kt6,natA,Sodium transporter,533,,unmapped,,0,0,
G_MMSYN1_0686,JCVISYN3A_0686,Kt6,trkA,Potassium transporter,242,,unmapped,,0,0,
G_MMSYN1_0687,JCVISYN3A_0687,GLNTRAT;GLNTRAT2,gatB,Glutamyl-tRNA amidotransferase subunit B,479,P47346,mgenitalium_ortholog_by_gene,,0,0,
G_MMSYN1_0688,JCVISYN3A_0688,GLNTRAT;GLNTRAT2,gatA,Glutamyl-tRNA amidotransferase subunit A,485,P47345,mgenitalium_ortholog_by_gene,,0,0,
G_MMSYN1_0689,JCVISYN3A_0689,GLNTRAT;GLNTRAT2,gatC,Glutamyl-tRNA amidotransferase subunit C,98,,unmapped,,0,0,
G_MMSYN1_0694,JCVISYN3A_0694,GAMpts;GLCpts;MANpts,ptsH,Phosphocarrier protein,89,P47287,mgenitalium_ortholog_by_gene,,0,0,
G_MMSYN1_0697,JCVISYN3A_0697,DAGGALT,,Uncharacterized glycosyl transferase,318,,unmapped,,0,0,
G_MMSYN1_0706,JCVISYN3A_0706,THMPPabc,thiB,Thiamine ABC transporter permease,582,,unmapped,,0,0,
G_MMSYN1_0707,JCVISYN3A_0707,THMPPabc,thiQ,Thiamine ABC transporter ATP-binding protein,249,,unmapped,,0,0,
G_MMSYN1_0708,JCVISYN3A_0708,THMPPabc,thiB,Thiamine ABC transporter substrate-binding protein,487,,unmapped,,0,0,
G_MMSYN1_0726,JCVISYN3A_0726,G6PDA,nagB,Glucosamine-6-phosphate deaminase,244,,unmapped,,0,0,
G_MMSYN1_0727,JCVISYN3A_0727,TPI,tpiA,Triose-phosphate isomerase,248,P47670,mgenitalium_ortholog_by_gene,,0,0,
G_MMSYN1_0729,JCVISYN3A_0729,PGM,pgm,"Phosphoglycerate mutase (2,3-diphosphoglycerate-independent)",531,P47669,mgenitalium_ortholog_by_gene,,0,0,
G_MMSYN1_0732,JCVISYN3A_0732,DRPA,deoC,Deoxyribose-phosphate aldolase,222,P47296,mgenitalium_ortholog_by_gene,,0,0,
G_MMSYN1_0733,JCVISYN3A_0733,PGMT;PPM;PPM2,deoB,Phosphopentomutase,558,P47299,mgenitalium_ortholog_by_product,,0,0,
G_MMSYN1_0747,JCVISYN3A_0747,PUNP1;PUNP2;PUNP3;PUNP4;PUNP5,punA,Purine-nucleoside phosphorylase,217,P47295,mgenitalium_ortholog_by_product,,0,0,
G_MMSYN1_0771,JCVISYN3A_0771,RNDR1;RNDR2;RNDR3;RNDR4,nrdE,Ribonucleotide-diphosphate reductase subunit alpha,720,P47473,mgenitalium_ortholog_by_gene,,0,0,
G_MMSYN1_0772,JCVISYN3A_0772,RNDR1;RNDR2;RNDR3;RNDR4,nrdI,Ribonucleotide reductase assembly protein,157,P47472,mgenitalium_ortholog_by_gene,,0,0,
G_MMSYN1_0773,JCVISYN3A_0773,RNDR1;RNDR2;RNDR3;RNDR4,nrdF,Ribonucleoside-diphosphate reductase subunit beta,339,P47471,mgenitalium_ortholog_by_gene,,0,0,
G_MMSYN1_0779,JCVISYN3A_0779,GAMpts;GLCpts;MANpts,ptsG,PTS sugar transporter,745,P47315,mgenitalium_ortholog_by_gene,,0,0,
G_MMSYN1_0787,JCVISYN3A_0787,MG2abc,mgtA,Magnesium-translocating P-type ATPase,942,,unmapped,,0,0,
G_MMSYN1_0789,JCVISYN3A_0789,ATPase,atpC,F0F1 ATP synthase subunit delta/epsilon,99,P47638,mgenitalium_ortholog_by_gene,,0,0,
G_MMSYN1_0790,JCVISYN3A_0790,ATPase,atpD,F0F1 ATP synthase subunit beta,475,P47639,mgenitalium_ortholog_by_gene,,0,0,
G_MMSYN1_0791,JCVISYN3A_0791,ATPase,atpG,F0F1 ATP synthase subunit gamma,280,P47640,mgenitalium_ortholog_by_gene,,0,0,
G_MMSYN1_0792,JCVISYN3A_0792,ATPase,atpA,F0F1 ATP synthase subunit alpha,525,P47641,mgenitalium_ortholog_by_gene,,0,0,
G_MMSYN1_0793,JCVISYN3A_0793,ATPase,atpD,F0F1 ATP synthase subunit delta,181,P47639,mgenitalium_ortholog_by_gene,,0,0,
G_MMSYN1_0794,JCVISYN3A_0794,ATPase,atpF,F0F1 ATP synthase subunit B,181,P47643,mgenitalium_ortholog_by_gene,,0,0,
G_MMSYN1_0795,JCVISYN3A_0795,ATPase,atpE,F0F1 ATP synthase subunit C,101,P47644,mgenitalium_ortholog_by_gene,,0,0,
G_MMSYN1_0796,JCVISYN3A_0796,ATPase,atpB,F0F1 ATP synthase subunit A,287,P47645,mgenitalium_ortholog_by_gene,,0,0,
G_MMSYN1_0798,JCVISYN3A_0798,UPPRT,upp,Uracil phosphoribosyltransferase,207,P47276,mgenitalium_ortholog_by_gene,,0,0,
G_MMSYN1_0799,JCVISYN3A_0799,GHMT;GHMT2,glyA,Serine hydroxymethyltransferase,413,P47634,mgenitalium_ortholog_by_gene,,0,0,
G_MMSYN1_0800,JCVISYN3A_0800,RPI,rpiB,Ribose 5-phosphate isomerase B,147,P47636,mgenitalium_ortholog_by_gene,,0,0,
G_MMSYN1_0813,JCVISYN3A_0813,UDPG4E,galE,UDP-glucose 4-epimerase GalE,332,P47364,mgenitalium_ortholog_by_gene,,0,0,
G_MMSYN1_0814,JCVISYN3A_0814,UDPGALM,glf,UDP-galactopyranose mutase,395,Q49398,mgenitalium_ortholog_by_gene,,0,0,
G_MMSYN1_0819,JCVISYN3A_0819,TRDR,trx,Thioredoxin-disulfide reductase,310,P47370,mgenitalium_ortholog_by_gene,,0,0,
G_MMSYN1_0822,JCVISYN3A_0822,5FTHFabc,ecfS,Uncharacterized ECF transporter S component,224,,unmapped,,0,0,
G_MMSYN1_0823,JCVISYN3A_0823,5FTHFPGS,folC,Dihydrofolate synthase,371,,unmapped,,0,0,
G_MMSYN1_0831,JCVISYN3A_0831,PRPPS,prs,Phosphoribosylpyrophosphate synthetase,344,P47304,mgenitalium_ortholog_by_gene,,0,0,
G_MMSYN1_0836,JCVISYN3A_0836,COAabc,ecfS,Uncharacterized ECF transporter S component,308,,unmapped,,0,0,
G_MMSYN1_0837,JCVISYN3A_0837,CYSTRS,cysRS,Cysteine--tRNA ligase,441,P47495,mgenitalium_ortholog_by_product,,0,0,
G_MMSYN1_0875,JCVISYN3A_0875,PGSA,pgsA,CDP-diacylglycerol--glycerol-3-phosphate 3-phosphatidyltransferase,198,P47360,mgenitalium_ortholog_by_gene,,0,0,
G_MMSYN1_0876,JCVISYN3A_0876,ALAt2r;ARGt2r;ASNt2r;CYSt2r;GLNt2r;GLYt2r;HISt2r;ISOt2r;LEUt2r;LYSt2r;METt2r;PHEt2r;PROt2r;SERt2r;THRt2r;TRPt2r;TYRt2r;VALt2r,,Uncharacterized amino acid permease,526,,unmapped,,0,0,
G_MMSYN1_0877,JCVISYN3A_0877,RIBFLVabc,,Uncharacterized protein,226,P47301,mgenitalium_ortholog_by_product,,0,0,
G_MMSYN1_0878,JCVISYN3A_0878,ALAt2r;ARGt2r;ASNt2r;CYSt2r;GLNt2r;GLYt2r;HISt2r;ISOt2r;LEUt2r;LYSt2r;METt2r;PHEt2r;PROt2r;SERt2r;THRt2r;TRPt2r;TYRt2r;VALt2r,,Uncharacterized amino acid permease,512,,unmapped,,0,0,
G_MMSYN1_0879,JCVISYN3A_0879,CA2abc,corA,Magnesium transporter,885,,unmapped,,0,0,
G_MMSYN1_0886,JCVISYN3A_0886,ASPt2pr;GLUt2pr,gltP,Proton-glutamate symporter,525,,unmapped,,0,0,
