organism,locus_tag,gene_name,essential,source
syn3a,JCVISYN3A_0001,dnaA,1,breuer_2019_elife
syn3a,JCVISYN3A_0002,dnaN,1,breuer_2019_elife
syn3a,JCVISYN3A_0003,rnmV,1,breuer_2019_elife
syn3a,JCVISYN3A_0004,ksgA,0,breuer_2019_elife
syn3a,JCVISYN3A_0005,,0,breuer_2019_elife
syn3a,JCVISYN3A_0006,gyrB,1,breuer_2019_elife
syn3a,JCVISYN3A_0007,gyrA,1,breuer_2019_elife
syn3a,JCVISYN3A_0008,rnsD; uptD,1,breuer_2019_elife
syn3a,JCVISYN3A_0009,rnsC; uptD,1,breuer_2019_elife
syn3a,JCVISYN3A_0010,rnsA; uptA,1,breuer_2019_elife
syn3a,JCVISYN3A_0011,rnsB; uptB,1,breuer_2019_elife
syn3a,JCVISYN3A_0012,metRS,1,breuer_2019_elife
syn3a,JCVISYN3A_0918,,0,breuer_2019_elife
syn3a,JCVISYN3A_0913,tetM,0,breuer_2019_elife
syn3a,JCVISYN3A_0025,rpsR,1,breuer_2019_elife
syn3a,JCVISYN3A_0026,priB,1,breuer_2019_elife
syn3a,JCVISYN3A_0027,rpsF,1,breuer_2019_elife
syn3a,JCVISYN3A_0029,,1,breuer_2019_elife
syn3a,JCVISYN3A_0030,,1,breuer_2019_elife
syn3a,JCVISYN3A_0033,,1,breuer_2019_elife
syn3a,JCVISYN3A_0034,,0,breuer_2019_elife
syn3a,JCVISYN3A_0039,ftsH,1,breuer_2019_elife
syn3a,JCVISYN3A_0040,tilS,1,breuer_2019_elife
syn3a,JCVISYN3A_0042,,1,breuer_2019_elife
syn3a,JCVISYN3A_0043,yabD,0,breuer_2019_elife
syn3a,JCVISYN3A_0044,holA,1,breuer_2019_elife
syn3a,JCVISYN3A_0045,tmk,1,breuer_2019_elife
syn3a,JCVISYN3A_0046,recR,1,breuer_2019_elife
syn3a,JCVISYN3A_0047,dnaX,1,breuer_2019_elife
syn3a,JCVISYN3A_0054,ahpC,0,breuer_2019_elife
syn3a,JCVISYN3A_0060,,1,breuer_2019_elife
syn3a,JCVISYN3A_0061,serRS,1,breuer_2019_elife
syn3a,JCVISYN3A_0063,dusB,0,breuer_2019_elife
syn3a,JCVISYN3A_0064,lysRS,1,breuer_2019_elife
syn3a,JCVISYN3A_0065,trxA,1,breuer_2019_elife
syn3a,JCVISYN3A_0066,,1,breuer_2019_elife
syn3a,JCVISYN3A_0076,asnRS,1,breuer_2019_elife
syn3a,JCVISYN3A_0077,,1,breuer_2019_elife
syn3a,JCVISYN3A_0079,tsaD,1,breuer_2019_elife
syn3a,JCVISYN3A_0080,,0,breuer_2019_elife
syn3a,JCVISYN3A_0081,mnmE; trmE,1,breuer_2019_elife
syn3a,JCVISYN3A_0082,rpsT,1,breuer_2019_elife
syn3a,JCVISYN3A_0094,,0,breuer_2019_elife
syn3a,JCVISYN3A_0095,secA,1,breuer_2019_elife
syn3a,JCVISYN3A_0097,yycJ,1,breuer_2019_elife
syn3a,JCVISYN3A_0105,xseB,0,breuer_2019_elife
syn3a,JCVISYN3A_0106,xseA,0,breuer_2019_elife
syn3a,JCVISYN3A_0107,nusB,1,breuer_2019_elife
syn3a,JCVISYN3A_0108,,1,breuer_2019_elife
syn3a,JCVISYN3A_0109,,1,breuer_2019_elife
syn3a,JCVISYN3A_0113,bcsA,1,breuer_2019_elife
syn3a,JCVISYN3A_0114,bcsB; cps,1,breuer_2019_elife
syn3a,JCVISYN3A_0115,galU; gtaB,1,breuer_2019_elife
syn3a,JCVISYN3A_0116,,1,breuer_2019_elife
syn3a,JCVISYN3A_0117,plsY,1,breuer_2019_elife
syn3a,JCVISYN3A_0126,gluRS,1,breuer_2019_elife
syn3a,JCVISYN3A_0127,,0,breuer_2019_elife
syn3a,JCVISYN3A_0128,rpoE,1,breuer_2019_elife
syn3a,JCVISYN3A_0129,pyrG,1,breuer_2019_elife
syn3a,JCVISYN3A_0131,fbaA,1,breuer_2019_elife
syn3a,JCVISYN3A_0132,ietA,1,breuer_2019_elife
syn3a,JCVISYN3A_0133,ietS,0,breuer_2019_elife
syn3a,JCVISYN3A_0137,rpmE,1,breuer_2019_elife
syn3a,JCVISYN3A_0138,,1,breuer_2019_elife
syn3a,JCVISYN3A_0139,ytqI; orn,1,breuer_2019_elife
syn3a,JCVISYN3A_0140,tdk,1,breuer_2019_elife
syn3a,JCVISYN3A_0141,prfA,1,breuer_2019_elife
syn3a,JCVISYN3A_0142,prmC,1,breuer_2019_elife
syn3a,JCVISYN3A_0143,,1,breuer_2019_elife
syn3a,JCVISYN3A_0144,tsaC,1,breuer_2019_elife
syn3a,JCVISYN3A_0145,,1,breuer_2019_elife
syn3a,JCVISYN3A_0146,,1,breuer_2019_elife
syn3a,JCVISYN3A_0147,clsA,1,breuer_2019_elife
syn3a,JCVISYN3A_0148,rpsL,1,breuer_2019_elife
syn3a,JCVISYN3A_0149,rpsG,1,breuer_2019_elife
syn3a,JCVISYN3A_0150,,1,breuer_2019_elife
syn3a,JCVISYN3A_0151,,1,breuer_2019_elife
syn3a,JCVISYN3A_0163,alaRS,1,breuer_2019_elife
syn3a,JCVISYN3A_0164,,1,breuer_2019_elife
syn3a,JCVISYN3A_0165,amiC,1,breuer_2019_elife
syn3a,JCVISYN3A_0166,,1,breuer_2019_elife
syn3a,JCVISYN3A_0167,amiE,1,breuer_2019_elife
syn3a,JCVISYN3A_0168,amiF,1,breuer_2019_elife
syn3a,JCVISYN3A_0169,amiA,1,breuer_2019_elife
syn3a,JCVISYN3A_0195,potC,1,breuer_2019_elife
syn3a,JCVISYN3A_0196,potB,1,breuer_2019_elife
syn3a,JCVISYN3A_0197,potA,1,breuer_2019_elife
syn3a,JCVISYN3A_0198,rplT,1,breuer_2019_elife
syn3a,JCVISYN3A_0199,rpmI,1,breuer_2019_elife
syn3a,JCVISYN3A_0200,infC,1,breuer_2019_elife
syn3a,JCVISYN3A_0201,def,1,breuer_2019_elife
syn3a,JCVISYN3A_0202,rsmD,1,breuer_2019_elife
syn3a,JCVISYN3A_0203,gmk,1,breuer_2019_elife
syn3a,JCVISYN3A_0213,eno,1,breuer_2019_elife
syn3a,JCVISYN3A_0214,pgpA,1,breuer_2019_elife
syn3a,JCVISYN3A_0215,yrrK; yqgF,1,breuer_2019_elife
syn3a,JCVISYN3A_0216,hptA,1,breuer_2019_elife
syn3a,JCVISYN3A_0218,glpK,1,breuer_2019_elife
syn3a,JCVISYN3A_0220,pfkA,1,breuer_2019_elife
syn3a,JCVISYN3A_0221,pyk,1,breuer_2019_elife
syn3a,JCVISYN3A_0222,thrRS,1,breuer_2019_elife
syn3a,JCVISYN3A_0227,pdhC,0,breuer_2019_elife
syn3a,JCVISYN3A_0228,lpdA,0,breuer_2019_elife
syn3a,JCVISYN3A_0229,pta,1,breuer_2019_elife
syn3a,JCVISYN3A_0230,ackA,1,breuer_2019_elife
syn3a,JCVISYN3A_0233,ptsI,1,breuer_2019_elife
syn3a,JCVISYN3A_0234,crr,1,breuer_2019_elife
syn3a,JCVISYN3A_0235,,1,breuer_2019_elife
syn3a,JCVISYN3A_0238,rpsD,1,breuer_2019_elife
syn3a,JCVISYN3A_0239,,0,breuer_2019_elife
syn3a,JCVISYN3A_0240,thiI,1,breuer_2019_elife
syn3a,JCVISYN3A_0247,ysxC; yihA,1,breuer_2019_elife
syn3a,JCVISYN3A_0248,,0,breuer_2019_elife
syn3a,JCVISYN3A_0249,,1,breuer_2019_elife
syn3a,JCVISYN3A_0250,,0,breuer_2019_elife
syn3a,JCVISYN3A_0253,greA,1,breuer_2019_elife
syn3a,JCVISYN3A_0254,uvrC,1,breuer_2019_elife
syn3a,JCVISYN3A_0257,rnjB,1,breuer_2019_elife
syn3a,JCVISYN3A_0259,nadK,1,breuer_2019_elife
syn3a,JCVISYN3A_0260,valRS,1,breuer_2019_elife
syn3a,JCVISYN3A_0262,rpe,1,breuer_2019_elife
syn3a,JCVISYN3A_0263,,1,breuer_2019_elife
syn3a,JCVISYN3A_0264,,1,breuer_2019_elife
syn3a,JCVISYN3A_0270,tsaE; yjeE,1,breuer_2019_elife
syn3a,JCVISYN3A_0271,tsaB; yeaZ,1,breuer_2019_elife
syn3a,JCVISYN3A_0281,,1,breuer_2019_elife
syn3a,JCVISYN3A_0282,proRS,1,breuer_2019_elife
syn3a,JCVISYN3A_0283,rnhA,1,breuer_2019_elife
syn3a,JCVISYN3A_0285,lepA; EF4,1,breuer_2019_elife
syn3a,JCVISYN3A_0286,,1,breuer_2019_elife
syn3a,JCVISYN3A_0287,aspRS,1,breuer_2019_elife
syn3a,JCVISYN3A_0288,hisRS,1,breuer_2019_elife
syn3a,JCVISYN3A_0289,rbfA,1,breuer_2019_elife
syn3a,JCVISYN3A_0290,truB,1,breuer_2019_elife
syn3a,JCVISYN3A_0291,ribF,1,breuer_2019_elife
syn3a,JCVISYN3A_0294,rpsO,1,breuer_2019_elife
syn3a,JCVISYN3A_0296,,1,breuer_2019_elife
syn3a,JCVISYN3A_0297,infB,1,breuer_2019_elife
syn3a,JCVISYN3A_0298,,1,breuer_2019_elife
syn3a,JCVISYN3A_0299,,1,breuer_2019_elife
syn3a,JCVISYN3A_0300,nusA,1,breuer_2019_elife
syn3a,JCVISYN3A_0301,rimP,1,breuer_2019_elife
syn3a,JCVISYN3A_0302,fre,1,breuer_2019_elife
syn3a,JCVISYN3A_0303,polC,1,breuer_2019_elife
syn3a,JCVISYN3A_0304,cdsA,1,breuer_2019_elife
syn3a,JCVISYN3A_0305,,1,breuer_2019_elife
syn3a,JCVISYN3A_0308,trpRS,1,breuer_2019_elife
syn3a,JCVISYN3A_0314,ecfS,1,breuer_2019_elife
syn3a,JCVISYN3A_0315,,1,breuer_2019_elife
syn3a,JCVISYN3A_0316,tkt,1,breuer_2019_elife
syn3a,JCVISYN3A_0317,,1,breuer_2019_elife
syn3a,JCVISYN3A_0325,,1,breuer_2019_elife
syn3a,JCVISYN3A_0326,,0,breuer_2019_elife
syn3a,JCVISYN3A_0327,scpA,1,breuer_2019_elife
syn3a,JCVISYN3A_0328,scpB,1,breuer_2019_elife
syn3a,JCVISYN3A_0329,rluB,1,breuer_2019_elife
syn3a,JCVISYN3A_0330,dgk,0,breuer_2019_elife
syn3a,JCVISYN3A_0332,,1,breuer_2019_elife
syn3a,JCVISYN3A_0338,,1,breuer_2019_elife
syn3a,JCVISYN3A_0344,ppa,1,breuer_2019_elife
syn3a,JCVISYN3A_0345,ecfS,1,breuer_2019_elife
syn3a,JCVISYN3A_0346,,0,breuer_2019_elife
syn3a,JCVISYN3A_0347,cmk,1,breuer_2019_elife
syn3a,JCVISYN3A_0348,engA,1,breuer_2019_elife
syn3a,JCVISYN3A_0350,hupA,1,breuer_2019_elife
syn3a,JCVISYN3A_0352,,1,breuer_2019_elife
syn3a,JCVISYN3A_0353,,1,breuer_2019_elife
syn3a,JCVISYN3A_0359,,1,breuer_2019_elife
syn3a,JCVISYN3A_0360,ffh,1,breuer_2019_elife
syn3a,JCVISYN3A_0361,rlmH,0,breuer_2019_elife
syn3a,JCVISYN3A_0362,rpsP,1,breuer_2019_elife
syn3a,JCVISYN3A_0363,rimM,1,breuer_2019_elife
syn3a,JCVISYN3A_0364,trmD,1,breuer_2019_elife
syn3a,JCVISYN3A_0365,rplS,1,breuer_2019_elife
syn3a,JCVISYN3A_0366,ylqF; rbgA,1,breuer_2019_elife
syn3a,JCVISYN3A_0371,ywjA,1,breuer_2019_elife
syn3a,JCVISYN3A_0372,ywjA,1,breuer_2019_elife
syn3a,JCVISYN3A_0373,,1,breuer_2019_elife
syn3a,JCVISYN3A_0375,,0,breuer_2019_elife
syn3a,JCVISYN3A_0376,,1,breuer_2019_elife
syn3a,JCVISYN3A_0377,obgE,1,breuer_2019_elife
syn3a,JCVISYN3A_0378,nadE,1,breuer_2019_elife
syn3a,JCVISYN3A_0379,,1,breuer_2019_elife
syn3a,JCVISYN3A_0380,nadD,1,breuer_2019_elife
syn3a,JCVISYN3A_0381,mtnN,0,breuer_2019_elife
syn3a,JCVISYN3A_0382,dnk,0,breuer_2019_elife
syn3a,JCVISYN3A_0387,mnmA,1,breuer_2019_elife
syn3a,JCVISYN3A_0388,,1,breuer_2019_elife
syn3a,JCVISYN3A_0389,,1,breuer_2019_elife
syn3a,JCVISYN3A_0390,fmt,1,breuer_2019_elife
syn3a,JCVISYN3A_0391,efp,1,breuer_2019_elife
syn3a,JCVISYN3A_0392,,1,breuer_2019_elife
syn3a,JCVISYN3A_0394,lon,1,breuer_2019_elife
syn3a,JCVISYN3A_0398,,1,breuer_2019_elife
syn3a,JCVISYN3A_0399,,1,breuer_2019_elife
syn3a,JCVISYN3A_0400,,1,breuer_2019_elife
syn3a,JCVISYN3A_0401,,0,breuer_2019_elife
syn3a,JCVISYN3A_0402,ybeY,1,breuer_2019_elife
syn3a,JCVISYN3A_0403,era,1,breuer_2019_elife
syn3a,JCVISYN3A_0404,recO,0,breuer_2019_elife
syn3a,JCVISYN3A_0405,glyRS,1,breuer_2019_elife
syn3a,JCVISYN3A_0406,dnaG,1,breuer_2019_elife
syn3a,JCVISYN3A_0407,rpoD,1,breuer_2019_elife
syn3a,JCVISYN3A_0408,trmK; yqfN,1,breuer_2019_elife
syn3a,JCVISYN3A_0409,,1,breuer_2019_elife
syn3a,JCVISYN3A_0410,,1,breuer_2019_elife
syn3a,JCVISYN3A_0411,,0,breuer_2019_elife
syn3a,JCVISYN3A_0412,,1,breuer_2019_elife
syn3a,JCVISYN3A_0413,apt,1,breuer_2019_elife
syn3a,JCVISYN3A_0414,relA,1,breuer_2019_elife
syn3a,JCVISYN3A_0415,smc,1,breuer_2019_elife
syn3a,JCVISYN3A_0416,,1,breuer_2019_elife
syn3a,JCVISYN3A_0418,,1,breuer_2019_elife
syn3a,JCVISYN3A_0419,plsX,1,breuer_2019_elife
syn3a,JCVISYN3A_0420,fakA,1,breuer_2019_elife
syn3a,JCVISYN3A_0421,,1,breuer_2019_elife
syn3a,JCVISYN3A_0422,rpmB,1,breuer_2019_elife
syn3a,JCVISYN3A_0424,,1,breuer_2019_elife
syn3a,JCVISYN3A_0425,pstS,1,breuer_2019_elife
syn3a,JCVISYN3A_0426,pstA,1,breuer_2019_elife
syn3a,JCVISYN3A_0427,pstB,1,breuer_2019_elife
syn3a,JCVISYN3A_0428,phoU,1,breuer_2019_elife
syn3a,JCVISYN3A_0429,ftsY,1,breuer_2019_elife
syn3a,JCVISYN3A_0430,,1,breuer_2019_elife
syn3a,JCVISYN3A_0431,,1,breuer_2019_elife
syn3a,JCVISYN3A_0432,metK,1,breuer_2019_elife
syn3a,JCVISYN3A_0433,cutC,0,breuer_2019_elife
syn3a,JCVISYN3A_0434,rlmFO,0,breuer_2019_elife
syn3a,JCVISYN3A_0435,manA,0,breuer_2019_elife
syn3a,JCVISYN3A_0437,yhaM,1,breuer_2019_elife
syn3a,JCVISYN3A_0438,hinT,0,breuer_2019_elife
syn3a,JCVISYN3A_0439,,1,breuer_2019_elife
syn3a,JCVISYN3A_0440,,1,breuer_2019_elife
syn3a,JCVISYN3A_0441,iscS,1,breuer_2019_elife
syn3a,JCVISYN3A_0442,iscU,1,breuer_2019_elife
syn3a,JCVISYN3A_0443,yggN,1,breuer_2019_elife
syn3a,JCVISYN3A_0444,,1,breuer_2019_elife
syn3a,JCVISYN3A_0445,pgi,1,breuer_2019_elife
syn3a,JCVISYN3A_0447,dut,1,breuer_2019_elife
syn3a,JCVISYN3A_0448,,1,breuer_2019_elife
syn3a,JCVISYN3A_0451,gapdh,1,breuer_2019_elife
syn3a,JCVISYN3A_0452,parE,1,breuer_2019_elife
syn3a,JCVISYN3A_0453,parC,1,breuer_2019_elife
syn3a,JCVISYN3A_0475,ldh,1,breuer_2019_elife
syn3a,JCVISYN3A_0478,,1,breuer_2019_elife
syn3a,JCVISYN3A_0479,,1,breuer_2019_elife
syn3a,JCVISYN3A_0481,,0,breuer_2019_elife
syn3a,JCVISYN3A_0482,rpsU,1,breuer_2019_elife
syn3a,JCVISYN3A_0154,,1,breuer_2019_elife
syn3a,JCVISYN3A_0493,,1,breuer_2019_elife
syn3a,JCVISYN3A_0494,nanE,0,breuer_2019_elife
syn3a,JCVISYN3A_0495,,0,breuer_2019_elife
syn3a,JCVISYN3A_0499,rpmA,1,breuer_2019_elife
syn3a,JCVISYN3A_0500,prp;ysxB,1,breuer_2019_elife
syn3a,JCVISYN3A_0501,rplU,1,breuer_2019_elife
syn3a,JCVISYN3A_0503,,1,breuer_2019_elife
syn3a,JCVISYN3A_0504,rsmI,0,breuer_2019_elife
syn3a,JCVISYN3A_0930,rpmG,0,breuer_2019_elife
syn3a,JCVISYN3A_0505,,0,breuer_2019_elife
syn3a,JCVISYN3A_0511,,1,breuer_2019_elife
syn3a,JCVISYN3A_0512,plsC,1,breuer_2019_elife
syn3a,JCVISYN3A_0513,acpS,1,breuer_2019_elife
syn3a,JCVISYN3A_0515,dctD,1,breuer_2019_elife
syn3a,JCVISYN3A_0516,,1,breuer_2019_elife
syn3a,JCVISYN3A_0517,rluD,0,breuer_2019_elife
syn3a,JCVISYN3A_0518,lspA,1,breuer_2019_elife
syn3a,JCVISYN3A_0519,ileRS,1,breuer_2019_elife
syn3a,JCVISYN3A_0520,,0,breuer_2019_elife
syn3a,JCVISYN3A_0521,sepF,0,breuer_2019_elife
syn3a,JCVISYN3A_0522,ftsZ,0,breuer_2019_elife
syn3a,JCVISYN3A_0523,ftsA,0,breuer_2019_elife
syn3a,JCVISYN3A_0524,rsmH; mraW,0,breuer_2019_elife
syn3a,JCVISYN3A_0525,mraZ,0,breuer_2019_elife
syn3a,JCVISYN3A_0526,rpmF,1,breuer_2019_elife
syn3a,JCVISYN3A_0527,,0,breuer_2019_elife
syn3a,JCVISYN3A_0528,pheRS,1,breuer_2019_elife
syn3a,JCVISYN3A_0529,pheS,1,breuer_2019_elife
syn3a,JCVISYN3A_0530,,1,breuer_2019_elife
syn3a,JCVISYN3A_0535,argRS,1,breuer_2019_elife
syn3a,JCVISYN3A_0536,frr,1,breuer_2019_elife
syn3a,JCVISYN3A_0537,pyrH,1,breuer_2019_elife
syn3a,JCVISYN3A_0538,,0,breuer_2019_elife
syn3a,JCVISYN3A_0539,tsf,1,breuer_2019_elife
syn3a,JCVISYN3A_0540,rpsB,1,breuer_2019_elife
syn3a,JCVISYN3A_0541,dnaJ,1,breuer_2019_elife
syn3a,JCVISYN3A_0542,dnaK,1,breuer_2019_elife
syn3a,JCVISYN3A_0543,grpE,1,breuer_2019_elife
syn3a,JCVISYN3A_0544,hrcA,1,breuer_2019_elife
syn3a,JCVISYN3A_0545,clpB,1,breuer_2019_elife
syn3a,JCVISYN3A_0548,,0,breuer_2019_elife
syn3a,JCVISYN3A_0549,rgdB,0,breuer_2019_elife
syn3a,JCVISYN3A_0931,met14p,0,breuer_2019_elife
syn3a,JCVISYN3A_0592,,1,breuer_2019_elife
syn3a,JCVISYN3A_0593,,0,breuer_2019_elife
syn3a,JCVISYN3A_0599,,0,breuer_2019_elife
syn3a,JCVISYN3A_0600,rnjA,1,breuer_2019_elife
syn3a,JCVISYN3A_0601,,0,breuer_2019_elife
syn3a,JCVISYN3A_0604,,0,breuer_2019_elife
syn3a,JCVISYN3A_0605,,0,breuer_2019_elife
syn3a,JCVISYN3A_0606,pgk,1,breuer_2019_elife
syn3a,JCVISYN3A_0607,gapDH,1,breuer_2019_elife
syn3a,JCVISYN3A_0608,dnaI,1,breuer_2019_elife
syn3a,JCVISYN3A_0609,dnaB,1,breuer_2019_elife
syn3a,JCVISYN3A_0610,mutM,0,breuer_2019_elife
syn3a,JCVISYN3A_0611,polA,1,breuer_2019_elife
syn3a,JCVISYN3A_0612,dnaE,1,breuer_2019_elife
syn3a,JCVISYN3A_0613,tyrRS,1,breuer_2019_elife
syn3a,JCVISYN3A_0614,pncB,1,breuer_2019_elife
syn3a,JCVISYN3A_0615,,1,breuer_2019_elife
syn3a,JCVISYN3A_0616,fakB,1,breuer_2019_elife
syn3a,JCVISYN3A_0617,fakB,1,breuer_2019_elife
syn3a,JCVISYN3A_0620,,0,breuer_2019_elife
syn3a,JCVISYN3A_0621,acpA,1,breuer_2019_elife
syn3a,JCVISYN3A_0622,,0,breuer_2019_elife
syn3a,JCVISYN3A_0623,,0,breuer_2019_elife
syn3a,JCVISYN3A_0634,leuRS,1,breuer_2019_elife
syn3a,JCVISYN3A_0636,,1,breuer_2019_elife
syn3a,JCVISYN3A_0637,rpsI,1,breuer_2019_elife
syn3a,JCVISYN3A_0638,rplM,1,breuer_2019_elife
syn3a,JCVISYN3A_0639,,1,breuer_2019_elife
syn3a,JCVISYN3A_0640,truA,1,breuer_2019_elife
syn3a,JCVISYN3A_0641,ecfT,1,breuer_2019_elife
syn3a,JCVISYN3A_0642,ecfA,1,breuer_2019_elife
syn3a,JCVISYN3A_0643,ecfA,1,breuer_2019_elife
syn3a,JCVISYN3A_0644,rplQ,1,breuer_2019_elife
syn3a,JCVISYN3A_0645,rpoA,1,breuer_2019_elife
syn3a,JCVISYN3A_0646,rpsK,1,breuer_2019_elife
syn3a,JCVISYN3A_0647,rpsM,1,breuer_2019_elife
syn3a,JCVISYN3A_0648,rpmJ,1,breuer_2019_elife
syn3a,JCVISYN3A_0649,infA,1,breuer_2019_elife
syn3a,JCVISYN3A_0650,map,1,breuer_2019_elife
syn3a,JCVISYN3A_0651,adk,1,breuer_2019_elife
syn3a,JCVISYN3A_0652,secY,1,breuer_2019_elife
syn3a,JCVISYN3A_0653,rplO,1,breuer_2019_elife
syn3a,JCVISYN3A_0654,rpsE,1,breuer_2019_elife
syn3a,JCVISYN3A_0655,rplR,1,breuer_2019_elife
syn3a,JCVISYN3A_0656,rplF,1,breuer_2019_elife
syn3a,JCVISYN3A_0657,rpsH,1,breuer_2019_elife
syn3a,JCVISYN3A_0658,rpsN,1,breuer_2019_elife
syn3a,JCVISYN3A_0659,rplE,1,breuer_2019_elife
syn3a,JCVISYN3A_0660,rplX,1,breuer_2019_elife
syn3a,JCVISYN3A_0661,rplN,1,breuer_2019_elife
syn3a,JCVISYN3A_0662,rpsQ,1,breuer_2019_elife
syn3a,JCVISYN3A_0663,rpmC,1,breuer_2019_elife
syn3a,JCVISYN3A_0664,rplP,1,breuer_2019_elife
syn3a,JCVISYN3A_0665,rpsC,1,breuer_2019_elife
syn3a,JCVISYN3A_0666,rplV,1,breuer_2019_elife
syn3a,JCVISYN3A_0667,rpsS,1,breuer_2019_elife
syn3a,JCVISYN3A_0668,rplB,1,breuer_2019_elife
syn3a,JCVISYN3A_0669,rplW,1,breuer_2019_elife
syn3a,JCVISYN3A_0670,rplD,1,breuer_2019_elife
syn3a,JCVISYN3A_0671,rplC,1,breuer_2019_elife
syn3a,JCVISYN3A_0672,rpsJ,1,breuer_2019_elife
syn3a,JCVISYN3A_0684,folD,1,breuer_2019_elife
syn3a,JCVISYN3A_0685,natA,1,breuer_2019_elife
syn3a,JCVISYN3A_0686,trkA,1,breuer_2019_elife
syn3a,JCVISYN3A_0687,gatB,1,breuer_2019_elife
syn3a,JCVISYN3A_0688,gatA,1,breuer_2019_elife
syn3a,JCVISYN3A_0689,gatC,1,breuer_2019_elife
syn3a,JCVISYN3A_0690,ligA,1,breuer_2019_elife
syn3a,JCVISYN3A_0691,,1,breuer_2019_elife
syn3a,JCVISYN3A_0692,,0,breuer_2019_elife
syn3a,JCVISYN3A_0693,,1,breuer_2019_elife
syn3a,JCVISYN3A_0694,ptsH,1,breuer_2019_elife
syn3a,JCVISYN3A_0695,pcrA,1,breuer_2019_elife
syn3a,JCVISYN3A_0696,,1,breuer_2019_elife
syn3a,JCVISYN3A_0697,,1,breuer_2019_elife
syn3a,JCVISYN3A_0706,thiB,1,breuer_2019_elife
syn3a,JCVISYN3A_0707,thiQ,1,breuer_2019_elife
syn3a,JCVISYN3A_0708,thiB,1,breuer_2019_elife
syn3a,JCVISYN3A_0710,,1,breuer_2019_elife
syn3a,JCVISYN3A_0726,nagB,0,breuer_2019_elife
syn3a,JCVISYN3A_0727,tpiA,1,breuer_2019_elife
syn3a,JCVISYN3A_0728,,0,breuer_2019_elife
syn3a,JCVISYN3A_0729,pgm,1,breuer_2019_elife
syn3a,JCVISYN3A_0730,,1,breuer_2019_elife
syn3a,JCVISYN3A_0732,deoC,0,breuer_2019_elife
syn3a,JCVISYN3A_0733,deoB,1,breuer_2019_elife
syn3a,JCVISYN3A_0747,punA,1,breuer_2019_elife
syn3a,JCVISYN3A_0771,nrdE,1,breuer_2019_elife
syn3a,JCVISYN3A_0772,nrdI,1,breuer_2019_elife
syn3a,JCVISYN3A_0773,nrdF,1,breuer_2019_elife
syn3a,JCVISYN3A_0774,secG,1,breuer_2019_elife
syn3a,JCVISYN3A_0775,rnr,1,breuer_2019_elife
syn3a,JCVISYN3A_0776,smpB,1,breuer_2019_elife
syn3a,JCVISYN3A_0777,,1,breuer_2019_elife
syn3a,JCVISYN3A_0778,,1,breuer_2019_elife
syn3a,JCVISYN3A_0779,ptsG,1,breuer_2019_elife
syn3a,JCVISYN3A_0787,mgtA,1,breuer_2019_elife
syn3a,JCVISYN3A_0789,atpC,1,breuer_2019_elife
syn3a,JCVISYN3A_0790,atpD,1,breuer_2019_elife
syn3a,JCVISYN3A_0791,atpG,1,breuer_2019_elife
syn3a,JCVISYN3A_0792,atpA,1,breuer_2019_elife
syn3a,JCVISYN3A_0793,atpD,1,breuer_2019_elife
syn3a,JCVISYN3A_0794,atpF,1,breuer_2019_elife
syn3a,JCVISYN3A_0795,atpE,1,breuer_2019_elife
syn3a,JCVISYN3A_0796,atpB,1,breuer_2019_elife
syn3a,JCVISYN3A_0797,,1,breuer_2019_elife
syn3a,JCVISYN3A_0798,upp,1,breuer_2019_elife
syn3a,JCVISYN3A_0799,glyA,1,breuer_2019_elife
syn3a,JCVISYN3A_0800,rpiB,1,breuer_2019_elife
syn3a,JCVISYN3A_0803,rpoC,1,breuer_2019_elife
syn3a,JCVISYN3A_0804,rpoB,1,breuer_2019_elife
syn3a,JCVISYN3A_0805,,1,breuer_2019_elife
syn3a,JCVISYN3A_0806,rplG,1,breuer_2019_elife
syn3a,JCVISYN3A_0807,rplJ,1,breuer_2019_elife
syn3a,JCVISYN3A_0809,rplA,1,breuer_2019_elife
syn3a,JCVISYN3A_0810,rplK,1,breuer_2019_elife
syn3a,JCVISYN3A_0813,galE,1,breuer_2019_elife
syn3a,JCVISYN3A_0814,glf,1,breuer_2019_elife
syn3a,JCVISYN3A_0817,whiA,1,breuer_2019_elife
syn3a,JCVISYN3A_0818,lgt,1,breuer_2019_elife
syn3a,JCVISYN3A_0819,trx,1,breuer_2019_elife
syn3a,JCVISYN3A_0820,lgt,1,breuer_2019_elife
syn3a,JCVISYN3A_0821,hpr; ptsH,0,breuer_2019_elife
syn3a,JCVISYN3A_0822,ecfS,1,breuer_2019_elife
syn3a,JCVISYN3A_0823,folC,1,breuer_2019_elife
syn3a,JCVISYN3A_0824,uvrA,1,breuer_2019_elife
syn3a,JCVISYN3A_0825,uvrB,1,breuer_2019_elife
syn3a,JCVISYN3A_0826,yqeN,1,breuer_2019_elife
syn3a,JCVISYN3A_0827,,1,breuer_2019_elife
syn3a,JCVISYN3A_0830,,0,breuer_2019_elife
syn3a,JCVISYN3A_0831,prs,1,breuer_2019_elife
syn3a,JCVISYN3A_0832,pth,1,breuer_2019_elife
syn3a,JCVISYN3A_0833,rplI,1,breuer_2019_elife
syn3a,JCVISYN3A_0834,dnaC,1,breuer_2019_elife
syn3a,JCVISYN3A_0835,,1,breuer_2019_elife
syn3a,JCVISYN3A_0836,ecfS,1,breuer_2019_elife
syn3a,JCVISYN3A_0837,cysRS,1,breuer_2019_elife
syn3a,JCVISYN3A_0838,rlmB,0,breuer_2019_elife
syn3a,JCVISYN3A_0932,rpmG,1,breuer_2019_elife
syn3a,JCVISYN3A_0839,secE,1,breuer_2019_elife
syn3a,JCVISYN3A_0840,nusG,1,breuer_2019_elife
syn3a,JCVISYN3A_0851,,0,breuer_2019_elife
syn3a,JCVISYN3A_0852,,0,breuer_2019_elife
syn3a,JCVISYN3A_0853,,0,breuer_2019_elife
syn3a,JCVISYN3A_0859,topA,1,breuer_2019_elife
syn3a,JCVISYN3A_0870,,1,breuer_2019_elife
syn3a,JCVISYN3A_0872,ychF,1,breuer_2019_elife
syn3a,JCVISYN3A_0873,,1,breuer_2019_elife
syn3a,JCVISYN3A_0874,rsmG,0,breuer_2019_elife
syn3a,JCVISYN3A_0875,pgsA,1,breuer_2019_elife
syn3a,JCVISYN3A_0876,,0,breuer_2019_elife
syn3a,JCVISYN3A_0877,,1,breuer_2019_elife
syn3a,JCVISYN3A_0878,,1,breuer_2019_elife
syn3a,JCVISYN3A_0879,corA,1,breuer_2019_elife
syn3a,JCVISYN3A_0881,,1,breuer_2019_elife
syn3a,JCVISYN3A_0885,mnmG; gidA,1,breuer_2019_elife
syn3a,JCVISYN3A_0886,gltP,1,breuer_2019_elife
syn3a,JCVISYN3A_0887,cdr,1,breuer_2019_elife
syn3a,JCVISYN3A_0906,,1,breuer_2019_elife
syn3a,JCVISYN3A_0907,,1,breuer_2019_elife
syn3a,JCVISYN3A_0908,yidC,1,breuer_2019_elife
syn3a,JCVISYN3A_0909,rnpA,1,breuer_2019_elife
syn3a,JCVISYN3A_0910,rpmH,1,breuer_2019_elife
